{"skins":[{"attachments":{"Par":{"Par":{"triangles":[7,8,9,7,9,0,6,7,0,6,0,1,5,6,1,5,1,2,4,5,2,4,2,3],"uvs":[1,0.23052,1,0.49392,1,0.76823,1,1,0,1,0,0.76667,0,0.49081,0,0.23052,0,0,1,0],"vertices":[130.94,124.53,130.94,27.87,130.94,-72.81,130.94,-157.86,-130.06,-157.86,-130.06,-72.23,-130.06,29.01,-130.06,124.53,-130.06,209.14,130.94,209.14],"type":"mesh","hull":10}},"XOCsd":{"XOCsd":{"width":185,"height":122}},"r2":{"r2":{"width":62,"height":50}},"BG":{"BG":{"width":267,"height":445}},"chip2":{"chip2":{"width":58,"height":62}},"chip1":{"chip1":{"width":101,"height":83}},"bowl3":{"bowl":{"width":221,"height":197}},"bowl2":{"bowl":{"width":221,"height":197}},"bowl":{"bowl":{"width":221,"height":197}},"DIAsd":{"DIAsd":{"width":154,"height":121}},"w1":{"w1":{"width":58,"height":44}},"w2sd":{"sd":{"width":25,"height":18}},"plat":{"plat":{"width":253,"height":206}},"w2":{"w2":{"width":53,"height":38}},"DIA":{"DIA":{"width":164,"height":106}},"w1sd":{"sd":{"width":25,"height":18}},"r1sd":{"sd":{"width":25,"height":18}},"spa5":{"spa":{"width":88,"height":89}},"r2sd":{"sd":{"width":25,"height":18}},"spa":{"spa":{"width":88,"height":89}},"spa4":{"spa":{"width":88,"height":89}},"spa7":{"spa":{"width":88,"height":89}},"spa6":{"spa":{"width":88,"height":89}},"XOC":{"XOC":{"width":194,"height":107}},"Par2":{"Par":{"triangles":[7,8,9,7,9,0,6,7,0,6,0,1,5,6,1,5,1,2,4,5,2,4,2,3],"uvs":[1,0.23052,1,0.49392,1,0.76823,1,1,0,1,0,0.76667,0,0.49081,0,0.23052,0,0,1,0],"vertices":[130.94,124.53,130.94,27.87,130.94,-72.81,130.94,-157.86,-130.06,-157.86,-130.06,-72.23,-130.06,29.01,-130.06,124.53,-130.06,209.14,130.94,209.14],"type":"mesh","hull":10}},"Par1":{"Par1":{"triangles":[7,8,9,7,9,0,6,7,0,6,0,1,6,1,2,5,6,2,3,4,5,3,5,2],"uvs":[1,0.26701,1,0.50044,1,0.75199,1,1,0,1,0,0.75602,0,0.50044,0,0.26097,0,0,1,0],"vertices":[130.14,75.26,130.14,-0.14,130.14,-81.39,130.14,-161.5,-130.86,-161.5,-130.86,-82.69,-130.86,-0.14,-130.86,77.21,-130.86,161.5,130.14,161.5],"type":"mesh","hull":10}},"Par4":{"Par1":{"triangles":[7,8,9,7,9,0,6,7,0,6,0,1,6,1,2,5,6,2,3,4,5,3,5,2],"uvs":[1,0.26701,1,0.50044,1,0.75199,1,1,0,1,0,0.75602,0,0.50044,0,0.26097,0,0,1,0],"vertices":[130.14,75.26,130.14,-0.14,130.14,-81.39,130.14,-161.5,-130.86,-161.5,-130.86,-82.69,-130.86,-0.14,-130.86,77.21,-130.86,161.5,130.14,161.5],"type":"mesh","hull":10}},"Par3":{"Par":{"triangles":[7,8,9,7,9,0,6,7,0,6,0,1,5,6,1,5,1,2,4,5,2,4,2,3],"uvs":[1,0.23052,1,0.49392,1,0.76823,1,1,0,1,0,0.76667,0,0.49081,0,0.23052,0,0,1,0],"vertices":[130.94,124.53,130.94,27.87,130.94,-72.81,130.94,-157.86,-130.06,-157.86,-130.06,-72.23,-130.06,29.01,-130.06,124.53,-130.06,209.14,130.94,209.14],"type":"mesh","hull":10}},"spa3":{"spa":{"width":88,"height":89}},"spa2":{"spa":{"width":88,"height":89}},"r1":{"r1":{"width":51,"height":52}}},"name":"default"}],"skeleton":{"x":-133.5,"width":271.0999999999999,"y":-224.35,"spine":"3.8.99","hash":"q+V1xzindYtgInReWpdjKttSfiA","height":447.72},"slots":[{"attachment":"BG","name":"BG","bone":"root"},{"attachment":"chip2","name":"chip2","bone":"chip2"},{"attachment":"chip1","name":"chip1","bone":"chip1"},{"attachment":"Par1","name":"Par1","bone":"Par1"},{"attachment":"Par1","name":"Par4","bone":"Par4"},{"attachment":"bowl","name":"bowl2","bone":"bowl2"},{"attachment":"bowl","name":"bowl3","bone":"bowl2"},{"attachment":"bowl","name":"bowl","bone":"bowl"},{"attachment":"plat","name":"plat","bone":"plat"},{"attachment":"Par","name":"Par","bone":"Par"},{"attachment":"Par","name":"Par3","bone":"Par3"},{"attachment":"Par","name":"Par2","bone":"Par2"},{"attachment":"sd","name":"w2sd","bone":"w2sd"},{"attachment":"w2","name":"w2","bone":"w2"},{"attachment":"sd","name":"r1sd","bone":"r1sd"},{"attachment":"r1","name":"r1","bone":"r1"},{"attachment":"sd","name":"r2sd","bone":"r2sd"},{"attachment":"r2","name":"r2","bone":"r2"},{"attachment":"sd","name":"w1sd","bone":"w1sd"},{"attachment":"w1","name":"w1","bone":"w1"},{"attachment":"spa","name":"spa","bone":"spa"},{"attachment":"spa","name":"spa2","bone":"spa2"},{"attachment":"spa","name":"spa5","bone":"spa5"},{"attachment":"spa","name":"spa7","bone":"spa7"},{"attachment":"spa","name":"spa6","bone":"spa6"},{"attachment":"XOC","name":"XOC","bone":"XOC"},{"color":"ffffff00","attachment":"XOCsd","name":"XOCsd","bone":"xocsd"},{"attachment":"DIA","name":"DIA","bone":"DIA"},{"color":"ffffff00","attachment":"DIAsd","name":"DIAsd","bone":"diasd"},{"attachment":"spa","name":"spa3","bone":"spa3"},{"attachment":"spa","name":"spa4","bone":"spa4"}],"bones":[{"scaleX":0.78,"scaleY":0.78,"name":"root"},{"parent":"root","name":"chip2","x":-91.96,"y":151.01},{"parent":"root","name":"chip1","x":77.44,"y":-110.35},{"parent":"root","name":"bowl","x":27.1,"y":124.87},{"parent":"root","name":"plat"},{"parent":"root","name":"XOC","x":-17.18,"y":-76.67},{"parent":"root","name":"DIA","x":20.7,"y":-165.57},{"parent":"root","name":"r1","x":-31.84,"y":77.21},{"parent":"root","name":"r2","x":66.07,"y":1.59},{"parent":"root","name":"w1","x":-26.27,"y":17.51},{"parent":"root","name":"w2","x":50.15,"y":70.05},{"parent":"root","name":"spa","x":89.68,"y":-24.5},{"parent":"root","name":"spa2","x":-81.07,"y":-117.88},{"scaleX":0.6206,"parent":"XOC","scaleY":0.6206,"name":"spa3","x":-81.74,"y":30.97},{"scaleX":0.6206,"parent":"DIA","scaleY":0.6206,"name":"spa4","x":-66.36,"y":32.11},{"parent":"root","name":"Par"},{"parent":"root","name":"Par2"},{"parent":"root","name":"Par3"},{"parent":"root","name":"Par1"},{"scaleX":-1,"parent":"root","name":"Par4"},{"scaleX":1.9812,"parent":"r1","scaleY":1.9812,"transform":"onlyTranslation","rotation":-20.7,"name":"r1sd","y":-17.09},{"scaleX":2.4082,"parent":"r2","scaleY":2.4082,"transform":"onlyTranslation","rotation":-7.37,"name":"r2sd","x":-4.12,"y":-20.44},{"scaleX":2.1631,"parent":"w1","scaleY":2.1631,"transform":"onlyTranslation","rotation":-8.74,"name":"w1sd","x":-3.1,"y":-22.79},{"scaleX":1.8644,"parent":"w2","scaleY":1.8644,"transform":"onlyTranslation","rotation":-0.07,"name":"w2sd","x":-0.7,"y":-31.41},{"parent":"XOC","transform":"onlyTranslation","name":"xocsd","y":18.15},{"parent":"DIA","transform":"onlyTranslation","name":"diasd","x":-0.3,"y":1.72},{"scaleX":0.2878,"parent":"root","scaleY":0.2878,"name":"spa5","x":-78.44,"y":-2.25},{"scaleX":0.5908,"parent":"root","scaleY":0.5908,"rotation":-39.96,"name":"spa6","x":-20.27,"y":-12.82},{"scaleX":0.2878,"parent":"root","scaleY":0.2878,"name":"spa7","x":81.42,"y":38.09},{"parent":"root","name":"bowl2","x":27.1,"y":124.87}],"animations":{"XD":{"slots":{"Par":{"color":[{"c3":0.64,"c4":0.36,"color":"ffffff00","curve":0.305},{"c3":0.755,"color":"ffffffff","curve":0.289,"time":0.2,"c2":0.17},{"color":"ffffff00","time":1.9}]},"XOCsd":{"color":[{"color":"ffffff00","time":0.33330000000000004},{"color":"ffffffff","curve":"stepped","time":0.8333},{"color":"ffffffff","time":1.1667},{"color":"ffffff00","time":1.6667}]},"r1sd":{"color":[{"c3":0.75,"color":"ffffffad","curve":0.25},{"c3":0.75,"color":"ffffff48","curve":0.25,"time":1},{"color":"ffffffad","time":2.6667}]},"chip2":{"color":[{"c3":0.618,"c4":0.44,"color":"ffffffff","curve":0.262},{"c3":0.756,"color":"ffffff89","curve":0.356,"time":1.4,"c2":0.42},{"color":"ffffffff","time":2.6667}]},"r2sd":{"color":[{"c3":0.75,"color":"ffffffad","curve":0.25},{"c3":0.75,"color":"ffffffd6","curve":0.25,"time":1},{"color":"ffffffad","time":2.6667}]},"chip1":{"color":[{"c3":0.75,"color":"ffffffff","curve":0.25},{"color":"ffffff98","curve":"stepped","time":0.9667},{"c3":0.75,"color":"ffffff98","curve":0.25,"time":1.7332999999999998},{"color":"ffffffff","time":2.6667}]},"bowl3":{"color":[{"color":"ffffff00"},{"color":"ffffffa5","time":0.8},{"color":"ffffff00","time":2.3333}]},"bowl2":{"color":[{"color":"ffffff00"},{"color":"ffffffa5","time":0.5333},{"color":"ffffff00","time":2.1333}]},"DIAsd":{"color":[{"color":"ffffff00","time":1},{"color":"ffffffff","curve":"stepped","time":1.5},{"color":"ffffffff","time":1.8333},{"color":"ffffff00","time":2.3333}]},