{"skins":[{"attachments":{"BG":{"BG":{"width":272,"height":445}},"par2":{"par":{"triangles":[9,10,0,5,6,7,4,7,8,5,7,4,9,3,8,3,4,8,3,9,2,9,0,2,1,2,0],"uvs":[1,0.86531,0.86808,1,0.77818,1,0.53432,1,0.26226,1,0,1,0,0,0.25822,0,0.53029,0,0.76609,0,1,0],"vertices":[130.5,-185.03,96.07,-219.37,72.6,-219.37,8.96,-219.37,-62.05,-219.37,-130.5,-219.37,-130.5,35.63,-63.1,35.63,7.91,35.63,69.45,35.63,130.5,35.63],"type":"mesh","hull":11}},"BGp":{"BGp":{"scaleX":2,"scaleY":2,"x":-2.68,"width":130,"height":222}},"conf":{"conf":{"triangles":[5,6,7,5,7,0,4,5,0,4,0,1,3,4,1,3,1,2],"uvs":[1,0.31189,1,0.64789,1,1,0,1,0,0.63944,0,0.31189,0,0,1,0],"vertices":[129.5,49.85,129.5,-39.19,129.5,-132.5,-129.5,-132.5,-129.5,-36.95,-129.5,49.85,-129.5,132.5,129.5,132.5],"type":"mesh","hull":8}},"O":{"O":{"width":49,"height":77}},"P":{"P":{"width":47,"height":77}},"ball":{"ball":{"width":55,"height":56}},"sd":{"sd":{"rotation":-94.58,"x":29.58,"width":37,"y":0.84,"height":76}},"R":{"R":{"width":49,"height":77}},"S":{"S":{"width":47,"height":77}},"T":{"T":{"width":47,"height":77}},"cupw":{"cupw":{"rotation":-74.27,"x":79.29,"width":111,"y":-4.74,"height":189}},"thun1":{"thun1":{"x":78.97,"width":115,"y":35.47,"height":124}},"par":{"par":{"triangles":[9,10,0,5,6,7,4,7,8,5,7,4,9,3,8,3,4,8,3,9,2,9,0,2,1,2,0],"uvs":[1,0.86531,0.86808,1,0.77818,1,0.53432,1,0.26226,1,0,1,0,0,0.25822,0,0.53029,0,0.76609,0,1,0],"vertices":[130.5,-185.03,96.07,-219.37,72.6,-219.37,8.96,-219.37,-62.05,-219.37,-130.5,-219.37,-130.5,35.63,-63.1,35.63,7.91,35.63,69.45,35.63,130.5,35.63],"type":"mesh","hull":11}},"pat":{"pat":{"lengths":[165.72,339.63,523.27],"vertices":[137.39,190.93,116.8,176.73,96.21,162.53,36.76,93.43,-1.85,2.34,-20.59,53.05,-73,174.08,-111.82,193.77,-91.67,228.43],"type":"path","vertexCount":9}},"conf2":{"conf":{"triangles":[5,6,7,5,7,0,4,5,0,4,0,1,3,4,1,3,1,2],"uvs":[1,0.31189,1,0.64789,1,1,0,1,0,0.63944,0,0.31189,0,0,1,0],"vertices":[-129.5,49.85,-129.5,-39.19,-129.5,-132.5,129.5,-132.5,129.5,-36.95,129.5,49.85,129.5,132.5,-129.5,132.5],"type":"mesh","hull":8}},"co":{"co":{"scaleX":1.991,"scaleY":2,"x":-2.68,"width":131,"y":-113.9,"height":105}},"spar2":{"spar":{"width":46,"height":47}},"spar3":{"spar":{"width":46,"height":47}},"spar4":{"spar":{"width":46,"height":47}},"spar5":{"spar":{"width":46,"height":47}},"sdb":{"sdb":{"rotation":89.75,"x":42.48,"width":56,"y":0.8,"height":90}},"HAL":{"ha":{"triangles":[13,14,21,21,14,27,22,27,2,22,2,3,2,27,14,14,15,2,2,15,1,0,1,16,0,16,17,1,15,16,0,17,18,9,19,8,19,30,8,8,30,7,7,30,31,31,20,7,9,10,19,10,11,19,20,6,7,19,11,30,20,31,6,30,29,31,30,23,29,30,11,23,29,24,31,31,24,6,24,5,6,11,26,23,11,12,26,23,28,29,21,28,13,13,28,26,26,28,23,24,29,22,22,28,27,22,29,28,24,22,25,24,25,5,25,22,3,28,21,27,26,12,13,25,4,5,25,3,4],"uvs":[0.69461,0.09014,0.69227,0.14104,0.6876,0.24209,0.74762,0.25685,0.93475,0.30287,1,0.38066,1,0.60222,1,0.78746,1,1,0,1,0,0.79882,0.09165,0.57029,0.20383,0.36243,0.30677,0.32194,0.4387,0.27004,0.4207,0.22358,0.36333,0.07555,0.44572,0,0.61749,0,0.09866,0.75749,0.93802,0.69484,0.50561,0.32775,0.61501,0.32445,0.29619,0.54858,0.78058,0.51701,0.8586,0.34792,0.23983,0.43498,0.55237,0.32634,0.51238,0.45952,0.51628,0.53424,0.27831,0.64665,0.78871,0.60269],"vertices":[1,16,75.78,-48.38,1,1,16,56.65,-44.09,1,2,15,175.94,-29.05,0.1448,16,18.67,-35.57,0.8552,2,15,170.48,-45.15,0.43178,16,10.09,-50.25,0.56822,2,15,153.45,-95.35,0.82539,16,-16.68,-96.01,0.17461,2,15,123.73,-113.18,0.91035,16,-49.37,-107.51,0.08965,2,15,38.44,-114.34,0.99958,16,-133.16,-91.52,4.2E-4,1,15,-32.87,-115.31,1,1,15,-114.69,-116.43,1,1,15,-118.33,150.55,1,1,15,-40.88,151.6,1,2,15,47.43,128.33,0.98907,16,-75.63,144.41,0.01093,2,15,127.85,99.48,0.83775,16,-2.63,99.99,0.16225,2,15,143.82,72.21,0.69828,16,7.53,70.07,0.30172,2,15,164.27,37.25,0.16241,16,20.55,31.72,0.83759,2,15,182.1,42.31,0.00999,16,39.03,33.09,0.99001,1,16,97.88,37.46,1,1,16,122.33,10.4,1,1,16,113.73,-34.65,1,1,15,-24.61,125.48,1,1,15,2.56,-98.28,1,2,15,142.3,19.09,0.44911,16,-4.62,18.34,0.55089,2,15,143.97,-10.1,0.50888,16,-8.85,-10.59,0.49112,2,15,56.53,73.84,0.98129,16,-77.65,89.2,0.01871,2,15,70.44,-55.31,0.99606,16,-89.95,-40.12,0.00394,2,15,135.82,-75.26,0.82535,16,-29.91,-72.79,0.17465,2,15,100.05,89.48,0.89855,16,-31.87,95.78,0.10145,2,15,143.02,6.61,0.46966,16,-6.43,5.97,0.53034,2,15,91.6,16.59,0.98902,16,-54.79,26.07,0.01098,2,15,62.85,15.16,0.9994,16,-83.24,30.44,6.0E-4,2,15,18.71,78.1,0.9985,16,-113.85,100.96,0.0015,1,15,37.49,-57.93,1],"type":"mesh","hull":19}},"spar":{"spar":{"width":46,"height":47}},"thun":{"thun":{"x":3.1,"width":350,"y":35.47,"height":218}},"S1":{"S1":{"width":48,"height":77}},"cup":{"cup":{"rotation":-74.27,"x":79.29,"width":111,"y":-4.74,"height":189}}},"name":"default"}],"skeleton":{"x":-171.9,"width":350,"y":-222.65,"spine":"3.8.99","hash":"7A1wAd1yADJ+RP8U8oEiGBbX43k","height":445.1500000000001},"path":[{"bones":["ball"],"name":"pat","position":0.1163,"target":"pat"}],"slots":[{"attachment":"BG","name":"BG","bone":"root"},{"attachment":"ball","name":"ball","bone":"ball"},{"attachment":"sdb","name":"sdb","bone":"sdb"},{"attachment":"thun","name":"thun","bone":"thun"},{"attachment":"thun1","name":"thun1","bone":"thun1"},{"attachment":"conf","name":"conf","bone":"conf"},{"attachment":"conf","name":"conf2","bone":"conf"},{"attachment":"ha","name":"HAL","bone":"HA3"},{"attachment":"sd","name":"sd","bone":"sd"},{"attachment":"cup","name":"cup","bone":"cup"},{"color":"ffffff00","attachment":"cupw","name":"cupw","bone":"cup"},{"attachment":"BGp","name":"BGp","bone":"root"},{"attachment":"co","name":"co","bone":"root"},{"attachment":"par","name":"par","bone":"par"},{"attachment":"par","name":"par2","bone":"par"},{"attachment":"S","name":"S","bone":"S"},{"attachment":"O","name":"O","bone":"O"},{"attachment":"P","name":"P","bone":"P"},{"attachment":"T","name":"T","bone":"T"},{"attachment":"R","name":"R","bone":"R"},{"attachment":"S1","name":"S1","bone":"S1"},{"attachment":"spar","name":"spar","bone":"spar"},{"attachment":"spar","name":"spar3","bone":"spar3"},{"attachment":"spar","name":"spar4","bone":"spar4"},{"attachment":"spar","name":"spar2","bone":"spar2"},{"attachment":"spar","name":"spar5","bone":"spar5"},{"attachment":"pat","name":"pat","bone":"root"}],"bones":[{"scaleX":0.78,"scaleY":0.78,"name":"root"},{"parent":"root","name":"ball"},{"parent":"root","name":"HA","x":-3.35,"y":-30.15},{"parent":"root","name":"TEXT","y":-155.22},{"parent":"TEXT","name":"S","x":-104.01},{"parent":"TEXT","name":"P","x":-61.82},{"parent":"TEXT","name":"T","x":62.04},{"parent":"TEXT","name":"S1","x":100.77},{"parent":"TEXT","name":"O","x":-18.8},{"parent":"TEXT","name":"R","x":25.19},{"parent":"root","name":"conf","x":-2.14,"y":82.82},{"parent":"S","name":"spar","x":-11.07,"y":35.04},{"parent":"T","name":"spar2","x":0.2,"y":-23.61},{"parent":"HA","rotation":74.27,"name":"cup","length":135.94,"x":-22.03,"y":-91.79},{"scaleX":2,"parent":"root","scaleY":2,"rotation":70.22,"name":"sd","length":55.54,"x":11.47,"y":-118.18},{"parent":"HA","rotation":89.22,"name":"HA2","length":136.85,"x":8.48,"y":-76.23},{"parent":"HA2","rotation":11.58,"name":"HA3","length":96.25,"x":150.51,"y":2.05},{"scaleX":0.001,"parent":"cup","scaleY":0.001,"rotation":-74.27,"name":"spar3","x":164.9,"y":24.36},{"scaleX":0.001,"parent":"cup","scaleY":0.001,"rotation":-120.1,"name":"spar4","x":125.28,"y":-17},{"parent":"root","name":"thun"},{"parent":"root","name":"thun1"},{"parent":"root","name":"par","x":-2.22},{"parent":"O","name":"spar5","x":12.44,"y":33.64},{"parent":"root","rotation":-141.44,"name":"sdb","length":84.27,"x":93.76,"y":153.42}],"animations":{"TT_loop":{"path":{"pat":{"position":[{"position":0.2941},{"curve":"stepped","time":0.3667,"position":-0.12},{"time":2.1667,"position":0.9412},{"time":3,"position":0.2941}],"mix":[{},{"rotateMix":0.026,"time":0.3667},{"rotateMix":0,"time":1.8},{"rotateMix":0.789,"time":2.4},{"time":3}]}},"slots":{"par":{"color":[{"color":"ffffff00"},{"color":"ffffffff",